n,p,target_qubit,function,error_position,P0,shots
1,0.0,0,constant_1,no_error,1.0,4096
1,0.0,0,constant_1,D(P)1_before_H,1.0,4096
1,0.0,0,constant_1,D(P)2_after_first_H,1.0,4096
1,0.0,0,constant_1,D(P)3_after_oracle,1.0,4096
1,0.0,0,constant_1,D(P)4_after_final_H,1.0,4096
1,0.05,0,constant_1,no_error,1.0,4096
1,0.05,0,constant_1,D(P)1_before_H,0.975830078125,4096
1,0.05,0,constant_1,D(P)2_after_first_H,0.97412109375,4096
1,0.05,0,constant_1,D(P)3_after_oracle,0.974853515625,4096
1,0.05,0,constant_1,D(P)4_after_final_H,0.974853515625,4096
1,0.1,0,constant_1,no_error,1.0,4096
1,0.1,0,constant_1,D(P)1_before_H,0.949462890625,4096
1,0.1,0,constant_1,D(P)2_after_first_H,0.950927734375,4096
1,0.1,0,constant_1,D(P)3_after_oracle,0.951416015625,4096
1,0.1,0,constant_1,D(P)4_after_final_H,0.944580078125,4096
1,0.15000000000000002,0,constant_1,no_error,1.0,4096
1,0.15000000000000002,0,constant_1,D(P)1_before_H,0.9169921875,4096
1,0.15000000000000002,0,constant_1,D(P)2_after_first_H,0.927978515625,4096
1,0.15000000000000002,0,constant_1,D(P)3_after_oracle,0.927490234375,4096
1,0.15000000000000002,0,constant_1,D(P)4_after_final_H,0.931640625,4096
1,0.2,0,constant_1,no_error,1.0,4096
1,0.2,0,constant_1,D(P)1_before_H,0.901123046875,4096
1,0.2,0,constant_1,D(P)2_after_first_H,0.896240234375,4096
1,0.2,0,constant_1,D(P)3_after_oracle,0.89453125,4096
1,0.2,0,constant_1,D(P)4_after_final_H,0.9013671875,4096
1,0.25,0,constant_1,no_error,1.0,4096
1,0.25,0,constant_1,D(P)1_before_H,0.87744140625,4096
1,0.25,0,constant_1,D(P)2_after_first_H,0.8701171875,4096
1,0.25,0,constant_1,D(P)3_after_oracle,0.87548828125,4096
1,0.25,0,constant_1,D(P)4_after_final_H,0.8798828125,4096
1,0.30000000000000004,0,constant_1,no_error,1.0,4096
1,0.30000000000000004,0,constant_1,D(P)1_before_H,0.852783203125,4096
1,0.30000000000000004,0,constant_1,D(P)2_after_first_H,0.84716796875,4096
1,0.30000000000000004,0,constant_1,D(P)3_after_oracle,0.855224609375,4096
1,0.30000000000000004,0,constant_1,D(P)4_after_final_H,0.852783203125,4096
1,0.35000000000000003,0,constant_1,no_error,1.0,4096
1,0.35000000000000003,0,constant_1,D(P)1_before_H,0.8203125,4096
1,0.35000000000000003,0,constant_1,D(P)2_after_first_H,0.831787109375,4096
1,0.35000000000000003,0,constant_1,D(P)3_after_oracle,0.82080078125,4096
1,0.35000000000000003,0,constant_1,D(P)4_after_final_H,0.82861328125,4096
1,0.4,0,constant_1,no_error,1.0,4096
1,0.4,0,constant_1,D(P)1_before_H,0.7919921875,4096
1,0.4,0,constant_1,D(P)2_after_first_H,0.8046875,4096
1,0.4,0,constant_1,D(P)3_after_oracle,0.8017578125,4096
1,0.4,0,constant_1,D(P)4_after_final_H,0.798095703125,4096
1,0.45,0,constant_1,no_error,1.0,4096
1,0.45,0,constant_1,D(P)1_before_H,0.78271484375,4096
1,0.45,0,constant_1,D(P)2_after_first_H,0.7861328125,4096
1,0.45,0,constant_1,D(P)3_after_oracle,0.769287109375,4096
1,0.45,0,constant_1,D(P)4_after_final_H,0.76806640625,4096
1,0.5,0,constant_1,no_error,1.0,4096
1,0.5,0,constant_1,D(P)1_before_H,0.75244140625,4096
1,0.5,0,constant_1,D(P)2_after_first_H,0.745849609375,4096
1,0.5,0,constant_1,D(P)3_after_oracle,0.74365234375,4096
1,0.5,0,constant_1,D(P)4_after_final_H,0.7578125,4096
1,0.55,0,constant_1,no_error,1.0,4096
1,0.55,0,constant_1,D(P)1_before_H,0.7275390625,4096
1,0.55,0,constant_1,D(P)2_after_first_H,0.730224609375,4096
1,0.55,0,constant_1,D(P)3_after_oracle,0.719970703125,4096
1,0.55,0,constant_1,D(P)4_after_final_H,0.724853515625,4096
1,0.6000000000000001,0,constant_1,no_error,1.0,4096
1,0.6000000000000001,0,constant_1,D(P)1_before_H,0.6865234375,4096
1,0.6000000000000001,0,constant_1,D(P)2_after_first_H,0.702880859375,4096
1,0.6000000000000001,0,constant_1,D(P)3_after_oracle,0.696044921875,4096
1,0.6000000000000001,0,constant_1,D(P)4_after_final_H,0.7109375,4096
1,0.65,0,constant_1,no_error,1.0,4096
1,0.65,0,constant_1,D(P)1_before_H,0.66796875,4096
1,0.65,0,constant_1,D(P)2_after_first_H,0.677734375,4096
1,0.65,0,constant_1,D(P)3_after_oracle,0.679443359375,4096
1,0.65,0,constant_1,D(P)4_after_final_H,0.682861328125,4096
1,0.7000000000000001,0,constant_1,no_error,1.0,4096
1,0.7000000000000001,0,constant_1,D(P)1_before_H,0.656005859375,4096
1,0.7000000000000001,0,constant_1,D(P)2_after_first_H,0.65283203125,4096
1,0.7000000000000001,0,constant_1,D(P)3_after_oracle,0.641357421875,4096
1,0.7000000000000001,0,constant_1,D(P)4_after_final_H,0.6533203125,4096
1,0.75,0,constant_1,no_error,1.0,4096
1,0.75,0,constant_1,D(P)1_before_H,0.626708984375,4096
1,0.75,0,constant_1,D(P)2_after_first_H,0.61474609375,4096
1,0.75,0,constant_1,D(P)3_after_oracle,0.6201171875,4096
1,0.75,0,constant_1,D(P)4_after_final_H,0.623291015625,4096
1,0.8,0,constant_1,no_error,1.0,4096
1,0.8,0,constant_1,D(P)1_before_H,0.597412109375,4096
1,0.8,0,constant_1,D(P)2_after_first_H,0.611328125,4096
1,0.8,0,constant_1,D(P)3_after_oracle,0.590576171875,4096
1,0.8,0,constant_1,D(P)4_after_final_H,0.595947265625,4096
1,0.8500000000000001,0,constant_1,no_error,1.0,4096
1,0.8500000000000001,0,constant_1,D(P)1_before_H,0.568359375,4096
1,0.8500000000000001,0,constant_1,D(P)2_after_first_H,0.585205078125,4096
1,0.8500000000000001,0,constant_1,D(P)3_after_oracle,0.57275390625,4096
1,0.8500000000000001,0,constant_1,D(P)4_after_final_H,0.577880859375,4096
1,0.9,0,constant_1,no_error,1.0,4096
1,0.9,0,constant_1,D(P)1_before_H,0.550048828125,4096
1,0.9,0,constant_1,D(P)2_after_first_H,0.548583984375,4096
1,0.9,0,constant_1,D(P)3_after_oracle,0.5478515625,4096
1,0.9,0,constant_1,D(P)4_after_final_H,0.548583984375,4096
1,0.9500000000000001,0,constant_1,no_error,1.0,4096
1,0.9500000000000001,0,constant_1,D(P)1_before_H,0.513916015625,4096
1,0.9500000000000001,0,constant_1,D(P)2_after_first_H,0.521728515625,4096
1,0.9500000000000001,0,constant_1,D(P)3_after_oracle,0.514892578125,4096
1,0.9500000000000001,0,constant_1,D(P)4_after_final_H,0.520751953125,4096
1,1.0,0,constant_1,no_error,1.0,4096
1,1.0,0,constant_1,D(P)1_before_H,0.500244140625,4096
1,1.0,0,constant_1,D(P)2_after_first_H,0.50830078125,4096
1,1.0,0,constant_1,D(P)3_after_oracle,0.49658203125,4096
1,1.0,0,constant_1,D(P)4_after_final_H,0.50146484375,4096
1,0.0,0,constant_0,no_error,1.0,4096
1,0.0,0,constant_0,D(P)1_before_H,1.0,4096
1,0.0,0,constant_0,D(P)2_after_first_H,1.0,4096
1,0.0,0,constant_0,D(P)3_after_oracle,1.0,4096
1,0.0,0,constant_0,D(P)4_after_final_H,1.0,4096
1,0.05,0,constant_0,no_error,1.0,4096
1,0.05,0,constant_0,D(P)1_before_H,0.977783203125,4096
1,0.05,0,constant_0,D(P)2_after_first_H,0.974853515625,4096
1,0.05,0,constant_0,D(P)3_after_oracle,0.977294921875,4096
1,0.05,0,constant_0,D(P)4_after_final_H,0.97509765625,4096
1,0.1,0,constant_0,no_error,1.0,4096
1,0.1,0,constant_0,D(P)1_before_H,0.949462890625,4096
1,0.1,0,constant_0,D(P)2_after_first_H,0.95166015625,4096
1,0.1,0,constant_0,D(P)3_after_oracle,0.955322265625,4096
1,0.1,0,constant_0,D(P)4_after_final_H,0.947998046875,4096
1,0.15000000000000002,0,constant_0,no_error,1.0,4096
1,0.15000000000000002,0,constant_0,D(P)1_before_H,0.928955078125,4096
1,0.15000000000000002,0,constant_0,D(P)2_after_first_H,0.9189453125,4096
1,0.15000000000000002,0,constant_0,D(P)3_after_oracle,0.92431640625,4096
1,0.15000000000000002,0,constant_0,D(P)4_after_final_H,0.929443359375,4096
1,0.2,0,constant_0,no_error,1.0,4096
1,0.2,0,constant_0,D(P)1_before_H,0.902099609375,4096
1,0.2,0,constant_0,D(P)2_after_first_H,0.897705078125,4096
1,0.2,0,constant_0,D(P)3_after_oracle,0.90380859375,4096
1,0.2,0,constant_0,D(P)4_after_final_H,0.898193359375,4096
1,0.25,0,constant_0,no_error,1.0,4096
1,0.25,0,constant_0,D(P)1_before_H,0.87548828125,4096
1,0.25,0,constant_0,D(P)2_after_first_H,0.86376953125,4096
1,0.25,0,constant_0,D(P)3_after_oracle,0.877197265625,4096
1,0.25,0,constant_0,D(P)4_after_final_H,0.865234375,4096
1,0.30000000000000004,0,constant_0,no_error,1.0,4096
1,0.30000000000000004,0,constant_0,D(P)1_before_H,0.851806640625,4096
1,0.30000000000000004,0,constant_0,D(P)2_after_first_H,0.858154296875,4096
1,0.30000000000000004,0,constant_0,D(P)3_after_oracle,0.8525390625,4096
1,0.30000000000000004,0,constant_0,D(P)4_after_final_H,0.853759765625,4096
1,0.35000000000000003,0,constant_0,no_error,1.0,4096
1,0.35000000000000003,0,constant_0,D(P)1_before_H,0.830810546875,4096
1,0.35000000000000003,0,constant_0,D(P)2_after_first_H,0.831298828125,4096
1,0.35000000000000003,0,constant_0,D(P)3_after_oracle,0.8212890625,4096
1,0.35000000000000003,0,constant_0,D(P)4_after_final_H,0.822021484375,4096
1,0.4,0,constant_0,no_error,1.0,4096
1,0.4,0,constant_0,D(P)1_before_H,0.800048828125,4096
1,0.4,0,constant_0,D(P)2_after_first_H,0.7978515625,4096
1,0.4,0,constant_0,D(P)3_after_oracle,0.80029296875,4096
1,0.4,0,constant_0,D(P)4_after_final_H,0.805908203125,4096
1,0.45,0,constant_0,no_error,1.0,4096
1,0.45,0,constant_0,D(P)1_before_H,0.781494140625,4096
1,0.45,0,constant_0,D(P)2_after_first_H,0.776611328125,4096
1,0.45,0,constant_0,D(P)3_after_oracle,0.777099609375,4096
1,0.45,0,constant_0,D(P)4_after_final_H,0.7685546875,4096
1,0.5,0,constant_0,no_error,1.0,4096
1,0.5,0,constant_0,D(P)1_before_H,0.753173828125,4096
1,0.5,0,constant_0,D(P)2_after_first_H,0.75830078125,4096
1,0.5,0,constant_0,D(P)3_after_oracle,0.740966796875,4096
1,0.5,0,constant_0,D(P)4_after_final_H,0.763427734375,4096
1,0.55,0,constant_0,no_error,1.0,4096
1,0.55,0,constant_0,D(P)1_before_H,0.72607421875,4096
1,0.55,0,constant_0,D(P)2_after_first_H,0.72412109375,4096
1,0.55,0,constant_0,D(P)3_after_oracle,0.734130859375,4096
1,0.55,0,constant_0,D(P)4_after_final_H,0.734375,4096
1,0.6000000000000001,0,constant_0,no_error,1.0,4096
1,0.6000000000000001,0,constant_0,D(P)1_before_H,0.68603515625,4096
1,0.6000000000000001,0,constant_0,D(P)2_after_first_H,0.702392578125,4096
1,0.6000000000000001,0,constant_0,D(P)3_after_oracle,0.69091796875,4096
1,0.6000000000000001,0,constant_0,D(P)4_after_final_H,0.701171875,4096
1,0.65,0,constant_0,no_error,1.0,4096
1,0.65,0,constant_0,D(P)1_before_H,0.67529296875,4096
1,0.65,0,constant_0,D(P)2_after_first_H,0.67236328125,4096
1,0.65,0,constant_0,D(P)3_after_oracle,0.68896484375,4096
1,0.65,0,constant_0,D(P)4_after_final_H,0.667724609375,4096
1,0.7000000000000001,0,constant_0,no_error,1.0,4096
1,0.7000000000000001,0,constant_0,D(P)1_before_H,0.649658203125,4096
1,0.7000000000000001,0,constant_0,D(P)2_after_first_H,0.646240234375,4096
1,0.7000000000000001,0,constant_0,D(P)3_after_oracle,0.64208984375,4096
1,0.7000000000000001,0,constant_0,D(P)4_after_final_H,0.648681640625,4096
1,0.75,0,constant_0,no_error,1.0,4096
1,0.75,0,constant_0,D(P)1_before_H,0.61865234375,4096
1,0.75,0,constant_0,D(P)2_after_first_H,0.626953125,4096
1,0.75,0,constant_0,D(P)3_after_oracle,0.6220703125,4096
1,0.75,0,constant_0,D(P)4_after_final_H,0.634033203125,4096
1,0.8,0,constant_0,no_error,1.0,4096
1,0.8,0,constant_0,D(P)1_before_H,0.603271484375,4096
1,0.8,0,constant_0,D(P)2_after_first_H,0.593017578125,4096
1,0.8,0,constant_0,D(P)3_after_oracle,0.61181640625,4096
1,0.8,0,constant_0,D(P)4_after_final_H,0.5908203125,4096
1,0.8500000000000001,0,constant_0,no_error,1.0,4096
1,0.8500000000000001,0,constant_0,D(P)1_before_H,0.56884765625,4096
1,0.8500000000000001,0,constant_0,D(P)2_after_first_H,0.5673828125,4096
1,0.8500000000000001,0,constant_0,D(P)3_after_oracle,0.575439453125,4096
1,0.8500000000000001,0,constant_0,D(P)4_after_final_H,0.5732421875,4096
1,0.9,0,constant_0,no_error,1.0,4096
1,0.9,0,constant_0,D(P)1_before_H,0.563232421875,4096
1,0.9,0,constant_0,D(P)2_after_first_H,0.5595703125,4096
1,0.9,0,constant_0,D(P)3_after_oracle,0.552001953125,4096
1,0.9,0,constant_0,D(P)4_after_final_H,0.5390625,4096
1,0.9500000000000001,0,constant_0,no_error,1.0,4096
1,0.9500000000000001,0,constant_0,D(P)1_before_H,0.523681640625,4096
1,0.9500000000000001,0,constant_0,D(P)2_after_first_H,0.514404296875,4096
1,0.9500000000000001,0,constant_0,D(P)3_after_oracle,0.52587890625,4096
1,0.9500000000000001,0,constant_0,D(P)4_after_final_H,0.533447265625,4096
1,1.0,0,constant_0,no_error,1.0,4096
1,1.0,0,constant_0,D(P)1_before_H,0.508056640625,4096
1,1.0,0,constant_0,D(P)2_after_first_H,0.50341796875,4096
1,1.0,0,constant_0,D(P)3_after_oracle,0.49951171875,4096
1,1.0,0,constant_0,D(P)4_after_final_H,0.505126953125,4096
1,0.0,0,balanced_parity,no_error,0.0,4096
1,0.0,0,balanced_parity,D(P)1_before_H,0.0,4096
1,0.0,0,balanced_parity,D(P)2_after_first_H,0.0,4096
1,0.0,0,balanced_parity,D(P)3_after_oracle,0.0,4096
1,0.0,0,balanced_parity,D(P)4_after_final_H,0.0,4096
1,0.05,0,balanced_parity,no_error,0.0,4096
1,0.05,0,balanced_parity,D(P)1_before_H,0.025634765625,4096
1,0.05,0,balanced_parity,D(P)2_after_first_H,0.0205078125,4096
1,0.05,0,balanced_parity,D(P)3_after_oracle,0.0224609375,4096
1,0.05,0,balanced_parity,D(P)4_after_final_H,0.02490234375,4096
1,0.1,0,balanced_parity,no_error,0.0,4096
1,0.1,0,balanced_parity,D(P)1_before_H,0.0546875,4096
1,0.1,0,balanced_parity,D(P)2_after_first_H,0.049560546875,4096
1,0.1,0,balanced_parity,D(P)3_after_oracle,0.046142578125,4096
1,0.1,0,balanced_parity,D(P)4_after_final_H,0.046630859375,4096
1,0.15000000000000002,0,balanced_parity,no_error,0.0,4096
1,0.15000000000000002,0,balanced_parity,D(P)1_before_H,0.07763671875,4096
1,0.15000000000000002,0,balanced_parity,D(P)2_after_first_H,0.06884765625,4096
1,0.15000000000000002,0,balanced_parity,D(P)3_after_oracle,0.0751953125,4096
1,0.15000000000000002,0,balanced_parity,D(P)4_after_final_H,0.077392578125,4096
1,0.2,0,balanced_parity,no_error,0.0,4096
1,0.2,0,balanced_parity,D(P)1_before_H,0.098388671875,4096
1,0.2,0,balanced_parity,D(P)2_after_first_H,0.105712890625,4096
1,0.2,0,balanced_parity,D(P)3_after_oracle,0.101318359375,4096
1,0.2,0,balanced_parity,D(P)4_after_final_H,0.096435546875,4096
1,0.25,0,balanced_parity,no_error,0.0,4096
1,0.25,0,balanced_parity,D(P)1_before_H,0.12158203125,4096
1,0.25,0,balanced_parity,D(P)2_after_first_H,0.13427734375,4096
1,0.25,0,balanced_parity,D(P)3_after_oracle,0.11669921875,4096
1,0.25,0,balanced_parity,D(P)4_after_final_H,0.115478515625,4096
1,0.30000000000000004,0,balanced_parity,no_error,0.0,4096
1,0.30000000000000004,0,balanced_parity,D(P)1_before_H,0.1474609375,4096
1,0.30000000000000004,0,balanced_parity,D(P)2_after_first_H,0.151123046875,4096
1,0.30000000000000004,0,balanced_parity,D(P)3_after_oracle,0.147216796875,4096
1,0.30000000000000004,0,balanced_parity,D(P)4_after_final_H,0.138427734375,4096
1,0.35000000000000003,0,balanced_parity,no_error,0.0,4096
1,0.35000000000000003,0,balanced_parity,D(P)1_before_H,0.17724609375,4096
1,0.35000000000000003,0,balanced_parity,D(P)2_after_first_H,0.17431640625,4096
1,0.35000000000000003,0,balanced_parity,D(P)3_after_oracle,0.165283203125,4096
1,0.35000000000000003,0,balanced_parity,D(P)4_after_final_H,0.18408203125,4096
1,0.4,0,balanced_parity,no_error,0.0,4096
1,0.4,0,balanced_parity,D(P)1_before_H,0.198974609375,4096
1,0.4,0,balanced_parity,D(P)2_after_first_H,0.19921875,4096
1,0.4,0,balanced_parity,D(P)3_after_oracle,0.2041015625,4096
1,0.4,0,balanced_parity,D(P)4_after_final_H,0.19921875,4096
1,0.45,0,balanced_parity,no_error,0.0,4096
1,0.45,0,balanced_parity,D(P)1_before_H,0.220703125,4096
1,0.45,0,balanced_parity,D(P)2_after_first_H,0.224609375,4096
1,0.45,0,balanced_parity,D(P)3_after_oracle,0.219970703125,4096
1,0.45,0,balanced_parity,D(P)4_after_final_H,0.2177734375,4096
1,0.5,0,balanced_parity,no_error,0.0,4096
1,0.5,0,balanced_parity,D(P)1_before_H,0.246337890625,4096
1,0.5,0,balanced_parity,D(P)2_after_first_H,0.255615234375,4096
1,0.5,0,balanced_parity,D(P)3_after_oracle,0.265869140625,4096
1,0.5,0,balanced_parity,D(P)4_after_final_H,0.261962890625,4096
1,0.55,0,balanced_parity,no_error,0.0,4096
1,0.55,0,balanced_parity,D(P)1_before_H,0.278076171875,4096
1,0.55,0,balanced_parity,D(P)2_after_first_H,0.27685546875,4096
1,0.55,0,balanced_parity,D(P)3_after_oracle,0.28173828125,4096
1,0.55,0,balanced_parity,D(P)4_after_final_H,0.2587890625,4096
1,0.6000000000000001,0,balanced_parity,no_error,0.0,4096
1,0.6000000000000001,0,balanced_parity,D(P)1_before_H,0.29931640625,4096
1,0.6000000000000001,0,balanced_parity,D(P)2_after_first_H,0.308349609375,4096
1,0.6000000000000001,0,balanced_parity,D(P)3_after_oracle,0.3115234375,4096
1,0.6000000000000001,0,balanced_parity,D(P)4_after_final_H,0.298095703125,4096
1,0.65,0,balanced_parity,no_error,0.0,4096
1,0.65,0,balanced_parity,D(P)1_before_H,0.3310546875,4096
1,0.65,0,balanced_parity,D(P)2_after_first_H,0.31591796875,4096
1,0.65,0,balanced_parity,D(P)3_after_oracle,0.3154296875,4096
1,0.65,0,balanced_parity,D(P)4_after_final_H,0.322509765625,4096
1,0.7000000000000001,0,balanced_parity,no_error,0.0,4096
1,0.7000000000000001,0,balanced_parity,D(P)1_before_H,0.345947265625,4096
1,0.7000000000000001,0,balanced_parity,D(P)2_after_first_H,0.345703125,4096
1,0.7000000000000001,0,balanced_parity,D(P)3_after_oracle,0.357177734375,4096
1,0.7000000000000001,0,balanced_parity,D(P)4_after_final_H,0.357666015625,4096
1,0.75,0,balanced_parity,no_error,0.0,4096
1,0.75,0,balanced_parity,D(P)1_before_H,0.382080078125,4096
1,0.75,0,balanced_parity,D(P)2_after_first_H,0.375732421875,4096
1,0.75,0,balanced_parity,D(P)3_after_oracle,0.38818359375,4096
1,0.75,0,balanced_parity,D(P)4_after_final_H,0.380615234375,4096
1,0.8,0,balanced_parity,no_error,0.0,4096
1,0.8,0,balanced_parity,D(P)1_before_H,0.400390625,4096
1,0.8,0,balanced_parity,D(P)2_after_first_H,0.393798828125,4096
1,0.8,0,balanced_parity,D(P)3_after_oracle,0.404541015625,4096
1,0.8,0,balanced_parity,D(P)4_after_final_H,0.403564453125,4096
1,0.8500000000000001,0,balanced_parity,no_error,0.0,4096
1,0.8500000000000001,0,balanced_parity,D(P)1_before_H,0.418212890625,4096
1,0.8500000000000001,0,balanced_parity,D(P)2_after_first_H,0.40966796875,4096
1,0.8500000000000001,0,balanced_parity,D(P)3_after_oracle,0.434814453125,4096
1,0.8500000000000001,0,balanced_parity,D(P)4_after_final_H,0.414306640625,4096
1,0.9,0,balanced_parity,no_error,0.0,4096
1,0.9,0,balanced_parity,D(P)1_before_H,0.46142578125,4096
1,0.9,0,balanced_parity,D(P)2_after_first_H,0.4453125,4096
1,0.9,0,balanced_parity,D(P)3_after_oracle,0.46044921875,4096
1,0.9,0,balanced_parity,D(P)4_after_final_H,0.443115234375,4096
1,0.9500000000000001,0,balanced_parity,no_error,0.0,4096
1,0.9500000000000001,0,balanced_parity,D(P)1_before_H,0.482421875,4096
1,0.9500000000000001,0,balanced_parity,D(P)2_after_first_H,0.494873046875,4096
1,0.9500000000000001,0,balanced_parity,D(P)3_after_oracle,0.47802734375,4096
1,0.9500000000000001,0,balanced_parity,D(P)4_after_final_H,0.474365234375,4096
1,1.0,0,balanced_parity,no_error,0.0,4096
1,1.0,0,balanced_parity,D(P)1_before_H,0.49658203125,4096
1,1.0,0,balanced_parity,D(P)2_after_first_H,0.49169921875,4096
1,1.0,0,balanced_parity,D(P)3_after_oracle,0.51416015625,4096
1,1.0,0,balanced_parity,D(P)4_after_final_H,0.498779296875,4096
3,0.0,1,constant_1,no_error,1.0,4096
3,0.0,1,constant_1,D(P)1_before_H,1.0,4096
3,0.0,1,constant_1,D(P)2_after_first_H,1.0,4096
3,0.0,1,constant_1,D(P)3_after_oracle,1.0,4096
3,0.0,1,constant_1,D(P)4_after_final_H,1.0,4096
3,0.05,1,constant_1,no_error,1.0,4096
3,0.05,1,constant_1,D(P)1_before_H,0.97509765625,4096
3,0.05,1,constant_1,D(P)2_after_first_H,0.9736328125,4096
3,0.05,1,constant_1,D(P)3_after_oracle,0.9736328125,4096
3,0.05,1,constant_1,D(P)4_after_final_H,0.973388671875,4096
3,0.1,1,constant_1,no_error,1.0,4096
3,0.1,1,constant_1,D(P)1_before_H,0.948974609375,4096
3,0.1,1,constant_1,D(P)2_after_first_H,0.9482421875,4096
3,0.1,1,constant_1,D(P)3_after_oracle,0.952880859375,4096
3,0.1,1,constant_1,D(P)4_after_final_H,0.95654296875,4096
3,0.15000000000000002,1,constant_1,no_error,1.0,4096
3,0.15000000000000002,1,constant_1,D(P)1_before_H,0.926513671875,4096
3,0.15000000000000002,1,constant_1,D(P)2_after_first_H,0.9326171875,4096
3,0.15000000000000002,1,constant_1,D(P)3_after_oracle,0.925537109375,4096
3,0.15000000000000002,1,constant_1,D(P)4_after_final_H,0.92578125,4096
3,0.2,1,constant_1,no_error,1.0,4096
3,0.2,1,constant_1,D(P)1_before_H,0.896728515625,4096
3,0.2,1,constant_1,D(P)2_after_first_H,0.89990234375,4096
3,0.2,1,constant_1,D(P)3_after_oracle,0.90380859375,4096
3,0.2,1,constant_1,D(P)4_after_final_H,0.907470703125,4096
3,0.25,1,constant_1,no_error,1.0,4096
3,0.25,1,constant_1,D(P)1_before_H,0.873046875,4096
3,0.25,1,constant_1,D(P)2_after_first_H,0.87451171875,4096
3,0.25,1,constant_1,D(P)3_after_oracle,0.873046875,4096
3,0.25,1,constant_1,D(P)4_after_final_H,0.873291015625,4096
3,0.30000000000000004,1,constant_1,no_error,1.0,4096
3,0.30000000000000004,1,constant_1,D(P)1_before_H,0.84716796875,4096
3,0.30000000000000004,1,constant_1,D(P)2_after_first_H,0.84912109375,4096
3,0.30000000000000004,1,constant_1,D(P)3_after_oracle,0.854736328125,4096
3,0.30000000000000004,1,constant_1,D(P)4_after_final_H,0.858642578125,4096
3,0.35000000000000003,1,constant_1,no_error,1.0,4096
3,0.35000000000000003,1,constant_1,D(P)1_before_H,0.812744140625,4096
3,0.35000000000000003,1,constant_1,D(P)2_after_first_H,0.815185546875,4096
3,0.35000000000000003,1,constant_1,D(P)3_after_oracle,0.82373046875,4096
3,0.35000000000000003,1,constant_1,D(P)4_after_final_H,0.82177734375,4096
3,0.4,1,constant_1,no_error,1.0,4096
3,0.4,1,constant_1,D(P)1_before_H,0.790283203125,4096
3,0.4,1,constant_1,D(P)2_after_first_H,0.794677734375,4096
3,0.4,1,constant_1,D(P)3_after_oracle,0.802978515625,4096
3,0.4,1,constant_1,D(P)4_after_final_H,0.785888671875,4096
3,0.45,1,constant_1,no_error,1.0,4096
3,0.45,1,constant_1,D(P)1_before_H,0.765869140625,4096
3,0.45,1,constant_1,D(P)2_after_first_H,0.768310546875,4096
3,0.45,1,constant_1,D(P)3_after_oracle,0.761474609375,4096
3,0.45,1,constant_1,D(P)4_after_final_H,0.77734375,4096
3,0.5,1,constant_1,no_error,1.0,4096
3,0.5,1,constant_1,D(P)1_before_H,0.747314453125,4096
3,0.5,1,constant_1,D(P)2_after_first_H,0.760986328125,4096
3,0.5,1,constant_1,D(P)3_after_oracle,0.751953125,4096
3,0.5,1,constant_1,D(P)4_after_final_H,0.75244140625,4096
3,0.55,1,constant_1,no_error,1.0,4096
3,0.55,1,constant_1,D(P)1_before_H,0.732666015625,4096
3,0.55,1,constant_1,D(P)2_after_first_H,0.7275390625,4096
3,0.55,1,constant_1,D(P)3_after_oracle,0.725341796875,4096
3,0.55,1,constant_1,D(P)4_after_final_H,0.7177734375,4096
3,0.6000000000000001,1,constant_1,no_error,1.0,4096
3,0.6000000000000001,1,constant_1,D(P)1_before_H,0.6923828125,4096
3,0.6000000000000001,1,constant_1,D(P)2_after_first_H,0.69873046875,4096
3,0.6000000000000001,1,constant_1,D(P)3_after_oracle,0.704345703125,4096
3,0.6000000000000001,1,constant_1,D(P)4_after_final_H,0.715576171875,4096
3,0.65,1,constant_1,no_error,1.0,4096
3,0.65,1,constant_1,D(P)1_before_H,0.681640625,4096
3,0.65,1,constant_1,D(P)2_after_first_H,0.6826171875,4096
3,0.65,1,constant_1,D(P)3_after_oracle,0.674560546875,4096
3,0.65,1,constant_1,D(P)4_after_final_H,0.68310546875,4096
3,0.7000000000000001,1,constant_1,no_error,1.0,4096
3,0.7000000000000001,1,constant_1,D(P)1_before_H,0.654296875,4096
3,0.7000000000000001,1,constant_1,D(P)2_after_first_H,0.653076171875,4096
3,0.7000000000000001,1,constant_1,D(P)3_after_oracle,0.650146484375,4096
3,0.7000000000000001,1,constant_1,D(P)4_after_final_H,0.640869140625,4096
3,0.75,1,constant_1,no_error,1.0,4096
3,0.75,1,constant_1,D(P)1_before_H,0.6259765625,4096
3,0.75,1,constant_1,D(P)2_after_first_H,0.627685546875,4096
3,0.75,1,constant_1,D(P)3_after_oracle,0.6201171875,4096
3,0.75,1,constant_1,D(P)4_after_final_H,0.60302734375,4096
3,0.8,1,constant_1,no_error,1.0,4096
3,0.8,1,constant_1,D(P)1_before_H,0.59912109375,4096
3,0.8,1,constant_1,D(P)2_after_first_H,0.59033203125,4096
3,0.8,1,constant_1,D(P)3_after_oracle,0.593994140625,4096
3,0.8,1,constant_1,D(P)4_after_final_H,0.60986328125,4096
3,0.8500000000000001,1,constant_1,no_error,1.0,4096
3,0.8500000000000001,1,constant_1,D(P)1_before_H,0.580322265625,4096
3,0.8500000000000001,1,constant_1,D(P)2_after_first_H,0.577392578125,4096
3,0.8500000000000001,1,constant_1,D(P)3_after_oracle,0.586669921875,4096
3,0.8500000000000001,1,constant_1,D(P)4_after_final_H,0.569580078125,4096
3,0.9,1,constant_1,no_error,1.0,4096
3,0.9,1,constant_1,D(P)1_before_H,0.55126953125,4096
3,0.9,1,constant_1,D(P)2_after_first_H,0.547607421875,4096
3,0.9,1,constant_1,D(P)3_after_oracle,0.535400390625,4096
3,0.9,1,constant_1,D(P)4_after_final_H,0.55126953125,4096
3,0.9500000000000001,1,constant_1,no_error,1.0,4096
3,0.9500000000000001,1,constant_1,D(P)1_before_H,0.515869140625,4096
3,0.9500000000000001,1,constant_1,D(P)2_after_first_H,0.53564453125,4096
3,0.9500000000000001,1,constant_1,D(P)3_after_oracle,0.517333984375,4096
3,0.9500000000000001,1,constant_1,D(P)4_after_final_H,0.532470703125,4096
3,1.0,1,constant_1,no_error,1.0,4096
3,1.0,1,constant_1,D(P)1_before_H,0.490234375,4096
3,1.0,1,constant_1,D(P)2_after_first_H,0.514892578125,4096
3,1.0,1,constant_1,D(P)3_after_oracle,0.491943359375,4096
3,1.0,1,constant_1,D(P)4_after_final_H,0.5068359375,4096
3,0.0,1,constant_0,no_error,1.0,4096
3,0.0,1,constant_0,D(P)1_before_H,1.0,4096
3,0.0,1,constant_0,D(P)2_after_first_H,1.0,4096
3,0.0,1,constant_0,D(P)3_after_oracle,1.0,4096
3,0.0,1,constant_0,D(P)4_after_final_H,1.0,4096
3,0.05,1,constant_0,no_error,1.0,4096
3,0.05,1,constant_0,D(P)1_before_H,0.9765625,4096
3,0.05,1,constant_0,D(P)2_after_first_H,0.975830078125,4096
3,0.05,1,constant_0,D(P)3_after_oracle,0.975341796875,4096
3,0.05,1,constant_0,D(P)4_after_final_H,0.970947265625,4096
3,0.1,1,constant_0,no_error,1.0,4096
3,0.1,1,constant_0,D(P)1_before_H,0.941650390625,4096
3,0.1,1,constant_0,D(P)2_after_first_H,0.948974609375,4096
3,0.1,1,constant_0,D(P)3_after_oracle,0.943603515625,4096
3,0.1,1,constant_0,D(P)4_after_final_H,0.956298828125,4096
3,0.15000000000000002,1,constant_0,no_error,1.0,4096
3,0.15000000000000002,1,constant_0,D(P)1_before_H,0.931884765625,4096
3,0.15000000000000002,1,constant_0,D(P)2_after_first_H,0.923095703125,4096
3,0.15000000000000002,1,constant_0,D(P)3_after_oracle,0.926513671875,4096
3,0.15000000000000002,1,constant_0,D(P)4_after_final_H,0.9296875,4096
3,0.2,1,constant_0,no_error,1.0,4096
3,0.2,1,constant_0,D(P)1_before_H,0.90283203125,4096
3,0.2,1,constant_0,D(P)2_after_first_H,0.896484375,4096
3,0.2,1,constant_0,D(P)3_after_oracle,0.89990234375,4096
3,0.2,1,constant_0,D(P)4_after_final_H,0.900146484375,4096
3,0.25,1,constant_0,no_error,1.0,4096
3,0.25,1,constant_0,D(P)1_before_H,0.883056640625,4096
3,0.25,1,constant_0,D(P)2_after_first_H,0.873046875,4096
3,0.25,1,constant_0,D(P)3_after_oracle,0.878662109375,4096
3,0.25,1,constant_0,D(P)4_after_final_H,0.880615234375,4096
3,0.30000000000000004,1,constant_0,no_error,1.0,4096
3,0.30000000000000004,1,constant_0,D(P)1_before_H,0.8515625,4096
3,0.30000000000000004,1,constant_0,D(P)2_after_first_H,0.852294921875,4096
3,0.30000000000000004,1,constant_0,D(P)3_after_oracle,0.85986328125,4096
3,0.30000000000000004,1,constant_0,D(P)4_after_final_H,0.85009765625,4096
3,0.35000000000000003,1,constant_0,no_error,1.0,4096
3,0.35000000000000003,1,constant_0,D(P)1_before_H,0.822998046875,4096
3,0.35000000000000003,1,constant_0,D(P)2_after_first_H,0.82373046875,4096
3,0.35000000000000003,1,constant_0,D(P)3_after_oracle,0.832763671875,4096
3,0.35000000000000003,1,constant_0,D(P)4_after_final_H,0.833251953125,4096
3,0.4,1,constant_0,no_error,1.0,4096
3,0.4,1,constant_0,D(P)1_before_H,0.806884765625,4096
3,0.4,1,constant_0,D(P)2_after_first_H,0.798095703125,4096
3,0.4,1,constant_0,D(P)3_after_oracle,0.796875,4096
3,0.4,1,constant_0,D(P)4_after_final_H,0.798828125,4096
3,0.45,1,constant_0,no_error,1.0,4096
3,0.45,1,constant_0,D(P)1_before_H,0.773681640625,4096
3,0.45,1,constant_0,D(P)2_after_first_H,0.769287109375,4096
3,0.45,1,constant_0,D(P)3_after_oracle,0.77001953125,4096
3,0.45,1,constant_0,D(P)4_after_final_H,0.7734375,4096
3,0.5,1,constant_0,no_error,1.0,4096
3,0.5,1,constant_0,D(P)1_before_H,0.744384765625,4096
3,0.5,1,constant_0,D(P)2_after_first_H,0.754638671875,4096
3,0.5,1,constant_0,D(P)3_after_oracle,0.743408203125,4096
3,0.5,1,constant_0,D(P)4_after_final_H,0.75048828125,4096
3,0.55,1,constant_0,no_error,1.0,4096
3,0.55,1,constant_0,D(P)1_before_H,0.73046875,4096
3,0.55,1,constant_0,D(P)2_after_first_H,0.727783203125,4096
3,0.55,1,constant_0,D(P)3_after_oracle,0.7275390625,4096
3,0.55,1,constant_0,D(P)4_after_final_H,0.723388671875,4096
3,0.6000000000000001,1,constant_0,no_error,1.0,4096
3,0.6000000000000001,1,constant_0,D(P)1_before_H,0.700927734375,4096
3,0.6000000000000001,1,constant_0,D(P)2_after_first_H,0.70703125,4096
3,0.6000000000000001,1,constant_0,D(P)3_after_oracle,0.68896484375,4096
3,0.6000000000000001,1,constant_0,D(P)4_after_final_H,0.7060546875,4096
3,0.65,1,constant_0,no_error,1.0,4096
3,0.65,1,constant_0,D(P)1_before_H,0.681884765625,4096
3,0.65,1,constant_0,D(P)2_after_first_H,0.681396484375,4096
3,0.65,1,constant_0,D(P)3_after_oracle,0.67333984375,4096
3,0.65,1,constant_0,D(P)4_after_final_H,0.6787109375,4096
3,0.7000000000000001,1,constant_0,no_error,1.0,4096
3,0.7000000000000001,1,constant_0,D(P)1_before_H,0.647705078125,4096
3,0.7000000000000001,1,constant_0,D(P)2_after_first_H,0.660888671875,4096
3,0.7000000000000001,1,constant_0,D(P)3_after_oracle,0.651123046875,4096
3,0.7000000000000001,1,constant_0,D(P)4_after_final_H,0.648193359375,4096
3,0.75,1,constant_0,no_error,1.0,4096
3,0.75,1,constant_0,D(P)1_before_H,0.617431640625,4096
3,0.75,1,constant_0,D(P)2_after_first_H,0.623046875,4096
3,0.75,1,constant_0,D(P)3_after_oracle,0.633544921875,4096
3,0.75,1,constant_0,D(P)4_after_final_H,0.617431640625,4096
3,0.8,1,constant_0,no_error,1.0,4096
3,0.8,1,constant_0,D(P)1_before_H,0.61181640625,4096
3,0.8,1,constant_0,D(P)2_after_first_H,0.60888671875,4096
3,0.8,1,constant_0,D(P)3_after_oracle,0.591796875,4096
3,0.8,1,constant_0,D(P)4_after_final_H,0.611572265625,4096
3,0.8500000000000001,1,constant_0,no_error,1.0,4096
3,0.8500000000000001,1,constant_0,D(P)1_before_H,0.575439453125,4096
3,0.8500000000000001,1,constant_0,D(P)2_after_first_H,0.561767578125,4096
3,0.8500000000000001,1,constant_0,D(P)3_after_oracle,0.5751953125,4096
3,0.8500000000000001,1,constant_0,D(P)4_after_final_H,0.56982421875,4096
3,0.9,1,constant_0,no_error,1.0,4096
3,0.9,1,constant_0,D(P)1_before_H,0.54931640625,4096
3,0.9,1,constant_0,D(P)2_after_first_H,0.546142578125,4096
3,0.9,1,constant_0,D(P)3_after_oracle,0.547607421875,4096
3,0.9,1,constant_0,D(P)4_after_final_H,0.5634765625,4096
3,0.9500000000000001,1,constant_0,no_error,1.0,4096
3,0.9500000000000001,1,constant_0,D(P)1_before_H,0.54248046875,4096
3,0.9500000000000001,1,constant_0,D(P)2_after_first_H,0.5234375,4096
3,0.9500000000000001,1,constant_0,D(P)3_after_oracle,0.518310546875,4096
3,0.9500000000000001,1,constant_0,D(P)4_after_final_H,0.52392578125,4096
3,1.0,1,constant_0,no_error,1.0,4096
3,1.0,1,constant_0,D(P)1_before_H,0.49951171875,4096
3,1.0,1,constant_0,D(P)2_after_first_H,0.510009765625,4096
3,1.0,1,constant_0,D(P)3_after_oracle,0.503173828125,4096
3,1.0,1,constant_0,D(P)4_after_final_H,0.49755859375,4096
3,0.0,1,balanced_parity,no_error,0.0,4096
3,0.0,1,balanced_parity,D(P)1_before_H,0.0,4096
3,0.0,1,balanced_parity,D(P)2_after_first_H,0.0,4096
3,0.0,1,balanced_parity,D(P)3_after_oracle,0.0,4096
3,0.0,1,balanced_parity,D(P)4_after_final_H,0.0,4096
3,0.05,1,balanced_parity,no_error,0.0,4096
3,0.05,1,balanced_parity,D(P)1_before_H,0.0,4096
3,0.05,1,balanced_parity,D(P)2_after_first_H,0.0,4096
3,0.05,1,balanced_parity,D(P)3_after_oracle,0.0,4096
3,0.05,1,balanced_parity,D(P)4_after_final_H,0.0,4096
3,0.1,1,balanced_parity,no_error,0.0,4096
3,0.1,1,balanced_parity,D(P)1_before_H,0.0,4096
3,0.1,1,balanced_parity,D(P)2_after_first_H,0.0,4096
3,0.1,1,balanced_parity,D(P)3_after_oracle,0.0,4096
3,0.1,1,balanced_parity,D(P)4_after_final_H,0.0,4096
3,0.15000000000000002,1,balanced_parity,no_error,0.0,4096
3,0.15000000000000002,1,balanced_parity,D(P)1_before_H,0.0,4096
3,0.15000000000000002,1,balanced_parity,D(P)2_after_first_H,0.0,4096
3,0.15000000000000002,1,balanced_parity,D(P)3_after_oracle,0.0,4096
3,0.15000000000000002,1,balanced_parity,D(P)4_after_final_H,0.0,4096
3,0.2,1,balanced_parity,no_error,0.0,4096
3,0.2,1,balanced_parity,D(P)1_before_H,0.0,4096
3,0.2,1,balanced_parity,D(P)2_after_first_H,0.0,4096
3,0.2,1,balanced_parity,D(P)3_after_oracle,0.0,4096
3,0.2,1,balanced_parity,D(P)4_after_final_H,0.0,4096
3,0.25,1,balanced_parity,no_error,0.0,4096
3,0.25,1,balanced_parity,D(P)1_before_H,0.0,4096
3,0.25,1,balanced_parity,D(P)2_after_first_H,0.0,4096
3,0.25,1,balanced_parity,D(P)3_after_oracle,0.0,4096
3,0.25,1,balanced_parity,D(P)4_after_final_H,0.0,4096
3,0.30000000000000004,1,balanced_parity,no_error,0.0,4096
3,0.30000000000000004,1,balanced_parity,D(P)1_before_H,0.0,4096
3,0.30000000000000004,1,balanced_parity,D(P)2_after_first_H,0.0,4096
3,0.30000000000000004,1,balanced_parity,D(P)3_after_oracle,0.0,4096
3,0.30000000000000004,1,balanced_parity,D(P)4_after_final_H,0.0,4096
3,0.35000000000000003,1,balanced_parity,no_error,0.0,4096
3,0.35000000000000003,1,balanced_parity,D(P)1_before_H,0.0,4096
3,0.35000000000000003,1,balanced_parity,D(P)2_after_first_H,0.0,4096
3,0.35000000000000003,1,balanced_parity,D(P)3_after_oracle,0.0,4096
3,0.35000000000000003,1,balanced_parity,D(P)4_after_final_H,0.0,4096
3,0.4,1,balanced_parity,no_error,0.0,4096
3,0.4,1,balanced_parity,D(P)1_before_H,0.0,4096
3,0.4,1,balanced_parity,D(P)2_after_first_H,0.0,4096
3,0.4,1,balanced_parity,D(P)3_after_oracle,0.0,4096
3,0.4,1,balanced_parity,D(P)4_after_final_H,0.0,4096
3,0.45,1,balanced_parity,no_error,0.0,4096
3,0.45,1,balanced_parity,D(P)1_before_H,0.0,4096
3,0.45,1,balanced_parity,D(P)2_after_first_H,0.0,4096
3,0.45,1,balanced_parity,D(P)3_after_oracle,0.0,4096
3,0.45,1,balanced_parity,D(P)4_after_final_H,0.0,4096
3,0.5,1,balanced_parity,no_error,0.0,4096
3,0.5,1,balanced_parity,D(P)1_before_H,0.0,4096
3,0.5,1,balanced_parity,D(P)2_after_first_H,0.0,4096
3,0.5,1,balanced_parity,D(P)3_after_oracle,0.0,4096
3,0.5,1,balanced_parity,D(P)4_after_final_H,0.0,4096
3,0.55,1,balanced_parity,no_error,0.0,4096
3,0.55,1,balanced_parity,D(P)1_before_H,0.0,4096
3,0.55,1,balanced_parity,D(P)2_after_first_H,0.0,4096
3,0.55,1,balanced_parity,D(P)3_after_oracle,0.0,4096
3,0.55,1,balanced_parity,D(P)4_after_final_H,0.0,4096
3,0.6000000000000001,1,balanced_parity,no_error,0.0,4096
3,0.6000000000000001,1,balanced_parity,D(P)1_before_H,0.0,4096
3,0.6000000000000001,1,balanced_parity,D(P)2_after_first_H,0.0,4096
3,0.6000000000000001,1,balanced_parity,D(P)3_after_oracle,0.0,4096
3,0.6000000000000001,1,balanced_parity,D(P)4_after_final_H,0.0,4096
3,0.65,1,balanced_parity,no_error,0.0,4096
3,0.65,1,balanced_parity,D(P)1_before_H,0.0,4096
3,0.65,1,balanced_parity,D(P)2_after_first_H,0.0,4096
3,0.65,1,balanced_parity,D(P)3_after_oracle,0.0,4096
3,0.65,1,balanced_parity,D(P)4_after_final_H,0.0,4096
3,0.7000000000000001,1,balanced_parity,no_error,0.0,4096
3,0.7000000000000001,1,balanced_parity,D(P)1_before_H,0.0,4096
3,0.7000000000000001,1,balanced_parity,D(P)2_after_first_H,0.0,4096
3,0.7000000000000001,1,balanced_parity,D(P)3_after_oracle,0.0,4096
3,0.7000000000000001,1,balanced_parity,D(P)4_after_final_H,0.0,4096
3,0.75,1,balanced_parity,no_error,0.0,4096
3,0.75,1,balanced_parity,D(P)1_before_H,0.0,4096
3,0.75,1,balanced_parity,D(P)2_after_first_H,0.0,4096
3,0.75,1,balanced_parity,D(P)3_after_oracle,0.0,4096
3,0.75,1,balanced_parity,D(P)4_after_final_H,0.0,4096
3,0.8,1,balanced_parity,no_error,0.0,4096
3,0.8,1,balanced_parity,D(P)1_before_H,0.0,4096
3,0.8,1,balanced_parity,D(P)2_after_first_H,0.0,4096
3,0.8,1,balanced_parity,D(P)3_after_oracle,0.0,4096
3,0.8,1,balanced_parity,D(P)4_after_final_H,0.0,4096
3,0.8500000000000001,1,balanced_parity,no_error,0.0,4096
3,0.8500000000000001,1,balanced_parity,D(P)1_before_H,0.0,4096
3,0.8500000000000001,1,balanced_parity,D(P)2_after_first_H,0.0,4096
3,0.8500000000000001,1,balanced_parity,D(P)3_after_oracle,0.0,4096
3,0.8500000000000001,1,balanced_parity,D(P)4_after_final_H,0.0,4096
3,0.9,1,balanced_parity,no_error,0.0,4096
3,0.9,1,balanced_parity,D(P)1_before_H,0.0,4096
3,0.9,1,balanced_parity,D(P)2_after_first_H,0.0,4096
3,0.9,1,balanced_parity,D(P)3_after_oracle,0.0,4096
3,0.9,1,balanced_parity,D(P)4_after_final_H,0.0,4096
3,0.9500000000000001,1,balanced_parity,no_error,0.0,4096
3,0.9500000000000001,1,balanced_parity,D(P)1_before_H,0.0,4096
3,0.9500000000000001,1,balanced_parity,D(P)2_after_first_H,0.0,4096
3,0.9500000000000001,1,balanced_parity,D(P)3_after_oracle,0.0,4096
3,0.9500000000000001,1,balanced_parity,D(P)4_after_final_H,0.0,4096
3,1.0,1,balanced_parity,no_error,0.0,4096
3,1.0,1,balanced_parity,D(P)1_before_H,0.0,4096
3,1.0,1,balanced_parity,D(P)2_after_first_H,0.0,4096
3,1.0,1,balanced_parity,D(P)3_after_oracle,0.0,4096
3,1.0,1,balanced_parity,D(P)4_after_final_H,0.0,4096
5,0.0,2,constant_1,no_error,1.0,4096
5,0.0,2,constant_1,D(P)1_before_H,1.0,4096
5,0.0,2,constant_1,D(P)2_after_first_H,1.0,4096
5,0.0,2,constant_1,D(P)3_after_oracle,1.0,4096
5,0.0,2,constant_1,D(P)4_after_final_H,1.0,4096
5,0.05,2,constant_1,no_error,1.0,4096
5,0.05,2,constant_1,D(P)1_before_H,0.97509765625,4096
5,0.05,2,constant_1,D(P)2_after_first_H,0.97412109375,4096
5,0.05,2,constant_1,D(P)3_after_oracle,0.97412109375,4096
5,0.05,2,constant_1,D(P)4_after_final_H,0.974609375,4096
5,0.1,2,constant_1,no_error,1.0,4096
5,0.1,2,constant_1,D(P)1_before_H,0.950927734375,4096
5,0.1,2,constant_1,D(P)2_after_first_H,0.947021484375,4096
5,0.1,2,constant_1,D(P)3_after_oracle,0.955078125,4096
5,0.1,2,constant_1,D(P)4_after_final_H,0.95068359375,4096
5,0.15000000000000002,2,constant_1,no_error,1.0,4096
5,0.15000000000000002,2,constant_1,D(P)1_before_H,0.924560546875,4096
5,0.15000000000000002,2,constant_1,D(P)2_after_first_H,0.927978515625,4096
5,0.15000000000000002,2,constant_1,D(P)3_after_oracle,0.932861328125,4096
5,0.15000000000000002,2,constant_1,D(P)4_after_final_H,0.93505859375,4096
5,0.2,2,constant_1,no_error,1.0,4096
5,0.2,2,constant_1,D(P)1_before_H,0.91064453125,4096
5,0.2,2,constant_1,D(P)2_after_first_H,0.903076171875,4096
5,0.2,2,constant_1,D(P)3_after_oracle,0.90087890625,4096
5,0.2,2,constant_1,D(P)4_after_final_H,0.90576171875,4096
5,0.25,2,constant_1,no_error,1.0,4096
5,0.25,2,constant_1,D(P)1_before_H,0.876953125,4096
5,0.25,2,constant_1,D(P)2_after_first_H,0.879150390625,4096
5,0.25,2,constant_1,D(P)3_after_oracle,0.8779296875,4096
5,0.25,2,constant_1,D(P)4_after_final_H,0.869140625,4096
5,0.30000000000000004,2,constant_1,no_error,1.0,4096
5,0.30000000000000004,2,constant_1,D(P)1_before_H,0.84716796875,4096
5,0.30000000000000004,2,constant_1,D(P)2_after_first_H,0.84912109375,4096
5,0.30000000000000004,2,constant_1,D(P)3_after_oracle,0.849609375,4096
5,0.30000000000000004,2,constant_1,D(P)4_after_final_H,0.85888671875,4096
5,0.35000000000000003,2,constant_1,no_error,1.0,4096
5,0.35000000000000003,2,constant_1,D(P)1_before_H,0.81689453125,4096
5,0.35000000000000003,2,constant_1,D(P)2_after_first_H,0.831787109375,4096
5,0.35000000000000003,2,constant_1,D(P)3_after_oracle,0.83056640625,4096
5,0.35000000000000003,2,constant_1,D(P)4_after_final_H,0.828125,4096
5,0.4,2,constant_1,no_error,1.0,4096
5,0.4,2,constant_1,D(P)1_before_H,0.793701171875,4096
5,0.4,2,constant_1,D(P)2_after_first_H,0.78857421875,4096
5,0.4,2,constant_1,D(P)3_after_oracle,0.804443359375,4096
5,0.4,2,constant_1,D(P)4_after_final_H,0.80712890625,4096
5,0.45,2,constant_1,no_error,1.0,4096
5,0.45,2,constant_1,D(P)1_before_H,0.762451171875,4096
5,0.45,2,constant_1,D(P)2_after_first_H,0.779052734375,4096
5,0.45,2,constant_1,D(P)3_after_oracle,0.77197265625,4096
5,0.45,2,constant_1,D(P)4_after_final_H,0.774658203125,4096
5,0.5,2,constant_1,no_error,1.0,4096
5,0.5,2,constant_1,D(P)1_before_H,0.745849609375,4096
5,0.5,2,constant_1,D(P)2_after_first_H,0.7412109375,4096
5,0.5,2,constant_1,D(P)3_after_oracle,0.747802734375,4096
5,0.5,2,constant_1,D(P)4_after_final_H,0.74462890625,4096
5,0.55,2,constant_1,no_error,1.0,4096
5,0.55,2,constant_1,D(P)1_before_H,0.732177734375,4096
5,0.55,2,constant_1,D(P)2_after_first_H,0.724853515625,4096
5,0.55,2,constant_1,D(P)3_after_oracle,0.71923828125,4096
5,0.55,2,constant_1,D(P)4_after_final_H,0.726806640625,4096
5,0.6000000000000001,2,constant_1,no_error,1.0,4096
5,0.6000000000000001,2,constant_1,D(P)1_before_H,0.69677734375,4096
5,0.6000000000000001,2,constant_1,D(P)2_after_first_H,0.703369140625,4096
5,0.6000000000000001,2,constant_1,D(P)3_after_oracle,0.70068359375,4096
5,0.6000000000000001,2,constant_1,D(P)4_after_final_H,0.708740234375,4096
5,0.65,2,constant_1,no_error,1.0,4096
5,0.65,2,constant_1,D(P)1_before_H,0.676025390625,4096
5,0.65,2,constant_1,D(P)2_after_first_H,0.668212890625,4096
5,0.65,2,constant_1,D(P)3_after_oracle,0.66845703125,4096
5,0.65,2,constant_1,D(P)4_after_final_H,0.683837890625,4096
5,0.7000000000000001,2,constant_1,no_error,1.0,4096
5,0.7000000000000001,2,constant_1,D(P)1_before_H,0.649169921875,4096
5,0.7000000000000001,2,constant_1,D(P)2_after_first_H,0.652099609375,4096
5,0.7000000000000001,2,constant_1,D(P)3_after_oracle,0.657958984375,4096
5,0.7000000000000001,2,constant_1,D(P)4_after_final_H,0.65380859375,4096
5,0.75,2,constant_1,no_error,1.0,4096
5,0.75,2,constant_1,D(P)1_before_H,0.62646484375,4096
5,0.75,2,constant_1,D(P)2_after_first_H,0.638427734375,4096
5,0.75,2,constant_1,D(P)3_after_oracle,0.61669921875,4096
5,0.75,2,constant_1,D(P)4_after_final_H,0.627685546875,4096
5,0.8,2,constant_1,no_error,1.0,4096
5,0.8,2,constant_1,D(P)1_before_H,0.5908203125,4096
5,0.8,2,constant_1,D(P)2_after_first_H,0.59033203125,4096
5,0.8,2,constant_1,D(P)3_after_oracle,0.61083984375,4096
5,0.8,2,constant_1,D(P)4_after_final_H,0.59765625,4096
5,0.8500000000000001,2,constant_1,no_error,1.0,4096
5,0.8500000000000001,2,constant_1,D(P)1_before_H,0.562744140625,4096
5,0.8500000000000001,2,constant_1,D(P)2_after_first_H,0.5771484375,4096
5,0.8500000000000001,2,constant_1,D(P)3_after_oracle,0.56640625,4096
5,0.8500000000000001,2,constant_1,D(P)4_after_final_H,0.57275390625,4096
5,0.9,2,constant_1,no_error,1.0,4096
5,0.9,2,constant_1,D(P)1_before_H,0.556640625,4096
5,0.9,2,constant_1,D(P)2_after_first_H,0.55224609375,4096
5,0.9,2,constant_1,D(P)3_after_oracle,0.552978515625,4096
5,0.9,2,constant_1,D(P)4_after_final_H,0.5458984375,4096
5,0.9500000000000001,2,constant_1,no_error,1.0,4096
5,0.9500000000000001,2,constant_1,D(P)1_before_H,0.512451171875,4096
5,0.9500000000000001,2,constant_1,D(P)2_after_first_H,0.53466796875,4096
5,0.9500000000000001,2,constant_1,D(P)3_after_oracle,0.51806640625,4096
5,0.9500000000000001,2,constant_1,D(P)4_after_final_H,0.529541015625,4096
5,1.0,2,constant_1,no_error,1.0,4096
5,1.0,2,constant_1,D(P)1_before_H,0.490478515625,4096
5,1.0,2,constant_1,D(P)2_after_first_H,0.5087890625,4096
5,1.0,2,constant_1,D(P)3_after_oracle,0.498046875,4096
5,1.0,2,constant_1,D(P)4_after_final_H,0.503662109375,4096
5,0.0,2,constant_0,no_error,1.0,4096
5,0.0,2,constant_0,D(P)1_before_H,1.0,4096
5,0.0,2,constant_0,D(P)2_after_first_H,1.0,4096
5,0.0,2,constant_0,D(P)3_after_oracle,1.0,4096
5,0.0,2,constant_0,D(P)4_after_final_H,1.0,4096
5,0.05,2,constant_0,no_error,1.0,4096
5,0.05,2,constant_0,D(P)1_before_H,0.978271484375,4096
5,0.05,2,constant_0,D(P)2_after_first_H,0.981201171875,4096
5,0.05,2,constant_0,D(P)3_after_oracle,0.97314453125,4096
5,0.05,2,constant_0,D(P)4_after_final_H,0.978515625,4096
5,0.1,2,constant_0,no_error,1.0,4096
5,0.1,2,constant_0,D(P)1_before_H,0.94677734375,4096
5,0.1,2,constant_0,D(P)2_after_first_H,0.954833984375,4096
5,0.1,2,constant_0,D(P)3_after_oracle,0.94775390625,4096
5,0.1,2,constant_0,D(P)4_after_final_H,0.94775390625,4096
5,0.15000000000000002,2,constant_0,no_error,1.0,4096
5,0.15000000000000002,2,constant_0,D(P)1_before_H,0.927978515625,4096
5,0.15000000000000002,2,constant_0,D(P)2_after_first_H,0.927490234375,4096
5,0.15000000000000002,2,constant_0,D(P)3_after_oracle,0.92236328125,4096
5,0.15000000000000002,2,constant_0,D(P)4_after_final_H,0.920166015625,4096
5,0.2,2,constant_0,no_error,1.0,4096
5,0.2,2,constant_0,D(P)1_before_H,0.89453125,4096
5,0.2,2,constant_0,D(P)2_after_first_H,0.91015625,4096
5,0.2,2,constant_0,D(P)3_after_oracle,0.90087890625,4096
5,0.2,2,constant_0,D(P)4_after_final_H,0.903564453125,4096
5,0.25,2,constant_0,no_error,1.0,4096
5,0.25,2,constant_0,D(P)1_before_H,0.86865234375,4096
5,0.25,2,constant_0,D(P)2_after_first_H,0.87158203125,4096
5,0.25,2,constant_0,D(P)3_after_oracle,0.880859375,4096
5,0.25,2,constant_0,D(P)4_after_final_H,0.88330078125,4096
5,0.30000000000000004,2,constant_0,no_error,1.0,4096
5,0.30000000000000004,2,constant_0,D(P)1_before_H,0.859619140625,4096
5,0.30000000000000004,2,constant_0,D(P)2_after_first_H,0.8515625,4096
5,0.30000000000000004,2,constant_0,D(P)3_after_oracle,0.846923828125,4096
5,0.30000000000000004,2,constant_0,D(P)4_after_final_H,0.845947265625,4096
5,0.35000000000000003,2,constant_0,no_error,1.0,4096
5,0.35000000000000003,2,constant_0,D(P)1_before_H,0.8271484375,4096
5,0.35000000000000003,2,constant_0,D(P)2_after_first_H,0.81689453125,4096
5,0.35000000000000003,2,constant_0,D(P)3_after_oracle,0.83447265625,4096
5,0.35000000000000003,2,constant_0,D(P)4_after_final_H,0.814208984375,4096
5,0.4,2,constant_0,no_error,1.0,4096
5,0.4,2,constant_0,D(P)1_before_H,0.8017578125,4096
5,0.4,2,constant_0,D(P)2_after_first_H,0.805908203125,4096
5,0.4,2,constant_0,D(P)3_after_oracle,0.79541015625,4096
5,0.4,2,constant_0,D(P)4_after_final_H,0.805419921875,4096
5,0.45,2,constant_0,no_error,1.0,4096
5,0.45,2,constant_0,D(P)1_before_H,0.782470703125,4096
5,0.45,2,constant_0,D(P)2_after_first_H,0.768310546875,4096
5,0.45,2,constant_0,D(P)3_after_oracle,0.767822265625,4096
5,0.45,2,constant_0,D(P)4_after_final_H,0.773193359375,4096
5,0.5,2,constant_0,no_error,1.0,4096
5,0.5,2,constant_0,D(P)1_before_H,0.74560546875,4096
5,0.5,2,constant_0,D(P)2_after_first_H,0.738037109375,4096
5,0.5,2,constant_0,D(P)3_after_oracle,0.75439453125,4096
5,0.5,2,constant_0,D(P)4_after_final_H,0.755126953125,4096
5,0.55,2,constant_0,no_error,1.0,4096
5,0.55,2,constant_0,D(P)1_before_H,0.72314453125,4096
5,0.55,2,constant_0,D(P)2_after_first_H,0.72509765625,4096
5,0.55,2,constant_0,D(P)3_after_oracle,0.7216796875,4096
5,0.55,2,constant_0,D(P)4_after_final_H,0.735595703125,4096
5,0.6000000000000001,2,constant_0,no_error,1.0,4096
5,0.6000000000000001,2,constant_0,D(P)1_before_H,0.69873046875,4096
5,0.6000000000000001,2,constant_0,D(P)2_after_first_H,0.69873046875,4096
5,0.6000000000000001,2,constant_0,D(P)3_after_oracle,0.7001953125,4096
5,0.6000000000000001,2,constant_0,D(P)4_after_final_H,0.70849609375,4096
5,0.65,2,constant_0,no_error,1.0,4096
5,0.65,2,constant_0,D(P)1_before_H,0.68212890625,4096
5,0.65,2,constant_0,D(P)2_after_first_H,0.681884765625,4096
5,0.65,2,constant_0,D(P)3_after_oracle,0.664794921875,4096
5,0.65,2,constant_0,D(P)4_after_final_H,0.678955078125,4096
5,0.7000000000000001,2,constant_0,no_error,1.0,4096
5,0.7000000000000001,2,constant_0,D(P)1_before_H,0.635498046875,4096
5,0.7000000000000001,2,constant_0,D(P)2_after_first_H,0.651611328125,4096
5,0.7000000000000001,2,constant_0,D(P)3_after_oracle,0.646484375,4096
5,0.7000000000000001,2,constant_0,D(P)4_after_final_H,0.64599609375,4096
5,0.75,2,constant_0,no_error,1.0,4096
5,0.75,2,constant_0,D(P)1_before_H,0.6171875,4096
5,0.75,2,constant_0,D(P)2_after_first_H,0.625244140625,4096
5,0.75,2,constant_0,D(P)3_after_oracle,0.611328125,4096
5,0.75,2,constant_0,D(P)4_after_final_H,0.627685546875,4096
5,0.8,2,constant_0,no_error,1.0,4096
5,0.8,2,constant_0,D(P)1_before_H,0.593994140625,4096
5,0.8,2,constant_0,D(P)2_after_first_H,0.590087890625,4096
5,0.8,2,constant_0,D(P)3_after_oracle,0.591552734375,4096
5,0.8,2,constant_0,D(P)4_after_final_H,0.59521484375,4096
5,0.8500000000000001,2,constant_0,no_error,1.0,4096
5,0.8500000000000001,2,constant_0,D(P)1_before_H,0.576416015625,4096
5,0.8500000000000001,2,constant_0,D(P)2_after_first_H,0.56005859375,4096
5,0.8500000000000001,2,constant_0,D(P)3_after_oracle,0.571533203125,4096
5,0.8500000000000001,2,constant_0,D(P)4_after_final_H,0.588134765625,4096
5,0.9,2,constant_0,no_error,1.0,4096
5,0.9,2,constant_0,D(P)1_before_H,0.535400390625,4096
5,0.9,2,constant_0,D(P)2_after_first_H,0.553466796875,4096
5,0.9,2,constant_0,D(P)3_after_oracle,0.544677734375,4096
5,0.9,2,constant_0,D(P)4_after_final_H,0.556884765625,4096
5,0.9500000000000001,2,constant_0,no_error,1.0,4096
5,0.9500000000000001,2,constant_0,D(P)1_before_H,0.521484375,4096
5,0.9500000000000001,2,constant_0,D(P)2_after_first_H,0.524658203125,4096
5,0.9500000000000001,2,constant_0,D(P)3_after_oracle,0.535400390625,4096
5,0.9500000000000001,2,constant_0,D(P)4_after_final_H,0.54248046875,4096
5,1.0,2,constant_0,no_error,1.0,4096
5,1.0,2,constant_0,D(P)1_before_H,0.4951171875,4096
5,1.0,2,constant_0,D(P)2_after_first_H,0.4921875,4096
5,1.0,2,constant_0,D(P)3_after_oracle,0.501220703125,4096
5,1.0,2,constant_0,D(P)4_after_final_H,0.513916015625,4096
5,0.0,2,balanced_parity,no_error,0.0,4096
5,0.0,2,balanced_parity,D(P)1_before_H,0.0,4096
5,0.0,2,balanced_parity,D(P)2_after_first_H,0.0,4096
5,0.0,2,balanced_parity,D(P)3_after_oracle,0.0,4096
5,0.0,2,balanced_parity,D(P)4_after_final_H,0.0,4096
5,0.05,2,balanced_parity,no_error,0.0,4096
5,0.05,2,balanced_parity,D(P)1_before_H,0.0,4096
5,0.05,2,balanced_parity,D(P)2_after_first_H,0.0,4096
5,0.05,2,balanced_parity,D(P)3_after_oracle,0.0,4096
5,0.05,2,balanced_parity,D(P)4_after_final_H,0.0,4096
5,0.1,2,balanced_parity,no_error,0.0,4096
5,0.1,2,balanced_parity,D(P)1_before_H,0.0,4096
5,0.1,2,balanced_parity,D(P)2_after_first_H,0.0,4096
5,0.1,2,balanced_parity,D(P)3_after_oracle,0.0,4096
5,0.1,2,balanced_parity,D(P)4_after_final_H,0.0,4096
5,0.15000000000000002,2,balanced_parity,no_error,0.0,4096
5,0.15000000000000002,2,balanced_parity,D(P)1_before_H,0.0,4096
5,0.15000000000000002,2,balanced_parity,D(P)2_after_first_H,0.0,4096
5,0.15000000000000002,2,balanced_parity,D(P)3_after_oracle,0.0,4096
5,0.15000000000000002,2,balanced_parity,D(P)4_after_final_H,0.0,4096
5,0.2,2,balanced_parity,no_error,0.0,4096
5,0.2,2,balanced_parity,D(P)1_before_H,0.0,4096
5,0.2,2,balanced_parity,D(P)2_after_first_H,0.0,4096
5,0.2,2,balanced_parity,D(P)3_after_oracle,0.0,4096
5,0.2,2,balanced_parity,D(P)4_after_final_H,0.0,4096
5,0.25,2,balanced_parity,no_error,0.0,4096
5,0.25,2,balanced_parity,D(P)1_before_H,0.0,4096
5,0.25,2,balanced_parity,D(P)2_after_first_H,0.0,4096
5,0.25,2,balanced_parity,D(P)3_after_oracle,0.0,4096
5,0.25,2,balanced_parity,D(P)4_after_final_H,0.0,4096
5,0.30000000000000004,2,balanced_parity,no_error,0.0,4096
5,0.30000000000000004,2,balanced_parity,D(P)1_before_H,0.0,4096
5,0.30000000000000004,2,balanced_parity,D(P)2_after_first_H,0.0,4096
5,0.30000000000000004,2,balanced_parity,D(P)3_after_oracle,0.0,4096
5,0.30000000000000004,2,balanced_parity,D(P)4_after_final_H,0.0,4096
5,0.35000000000000003,2,balanced_parity,no_error,0.0,4096
5,0.35000000000000003,2,balanced_parity,D(P)1_before_H,0.0,4096
5,0.35000000000000003,2,balanced_parity,D(P)2_after_first_H,0.0,4096
5,0.35000000000000003,2,balanced_parity,D(P)3_after_oracle,0.0,4096
5,0.35000000000000003,2,balanced_parity,D(P)4_after_final_H,0.0,4096
5,0.4,2,balanced_parity,no_error,0.0,4096
5,0.4,2,balanced_parity,D(P)1_before_H,0.0,4096
5,0.4,2,balanced_parity,D(P)2_after_first_H,0.0,4096
5,0.4,2,balanced_parity,D(P)3_after_oracle,0.0,4096
5,0.4,2,balanced_parity,D(P)4_after_final_H,0.0,4096
5,0.45,2,balanced_parity,no_error,0.0,4096
5,0.45,2,balanced_parity,D(P)1_before_H,0.0,4096
5,0.45,2,balanced_parity,D(P)2_after_first_H,0.0,4096
5,0.45,2,balanced_parity,D(P)3_after_oracle,0.0,4096
5,0.45,2,balanced_parity,D(P)4_after_final_H,0.0,4096
5,0.5,2,balanced_parity,no_error,0.0,4096
5,0.5,2,balanced_parity,D(P)1_before_H,0.0,4096
5,0.5,2,balanced_parity,D(P)2_after_first_H,0.0,4096
5,0.5,2,balanced_parity,D(P)3_after_oracle,0.0,4096
5,0.5,2,balanced_parity,D(P)4_after_final_H,0.0,4096
5,0.55,2,balanced_parity,no_error,0.0,4096
5,0.55,2,balanced_parity,D(P)1_before_H,0.0,4096
5,0.55,2,balanced_parity,D(P)2_after_first_H,0.0,4096
5,0.55,2,balanced_parity,D(P)3_after_oracle,0.0,4096
5,0.55,2,balanced_parity,D(P)4_after_final_H,0.0,4096
5,0.6000000000000001,2,balanced_parity,no_error,0.0,4096
5,0.6000000000000001,2,balanced_parity,D(P)1_before_H,0.0,4096
5,0.6000000000000001,2,balanced_parity,D(P)2_after_first_H,0.0,4096
5,0.6000000000000001,2,balanced_parity,D(P)3_after_oracle,0.0,4096
5,0.6000000000000001,2,balanced_parity,D(P)4_after_final_H,0.0,4096
5,0.65,2,balanced_parity,no_error,0.0,4096
5,0.65,2,balanced_parity,D(P)1_before_H,0.0,4096
5,0.65,2,balanced_parity,D(P)2_after_first_H,0.0,4096
5,0.65,2,balanced_parity,D(P)3_after_oracle,0.0,4096
5,0.65,2,balanced_parity,D(P)4_after_final_H,0.0,4096
5,0.7000000000000001,2,balanced_parity,no_error,0.0,4096
5,0.7000000000000001,2,balanced_parity,D(P)1_before_H,0.0,4096
5,0.7000000000000001,2,balanced_parity,D(P)2_after_first_H,0.0,4096
5,0.7000000000000001,2,balanced_parity,D(P)3_after_oracle,0.0,4096
5,0.7000000000000001,2,balanced_parity,D(P)4_after_final_H,0.0,4096
5,0.75,2,balanced_parity,no_error,0.0,4096
5,0.75,2,balanced_parity,D(P)1_before_H,0.0,4096
5,0.75,2,balanced_parity,D(P)2_after_first_H,0.0,4096
5,0.75,2,balanced_parity,D(P)3_after_oracle,0.0,4096
5,0.75,2,balanced_parity,D(P)4_after_final_H,0.0,4096
5,0.8,2,balanced_parity,no_error,0.0,4096
5,0.8,2,balanced_parity,D(P)1_before_H,0.0,4096
5,0.8,2,balanced_parity,D(P)2_after_first_H,0.0,4096
5,0.8,2,balanced_parity,D(P)3_after_oracle,0.0,4096
5,0.8,2,balanced_parity,D(P)4_after_final_H,0.0,4096
5,0.8500000000000001,2,balanced_parity,no_error,0.0,4096
5,0.8500000000000001,2,balanced_parity,D(P)1_before_H,0.0,4096
5,0.8500000000000001,2,balanced_parity,D(P)2_after_first_H,0.0,4096
5,0.8500000000000001,2,balanced_parity,D(P)3_after_oracle,0.0,4096
5,0.8500000000000001,2,balanced_parity,D(P)4_after_final_H,0.0,4096
5,0.9,2,balanced_parity,no_error,0.0,4096
5,0.9,2,balanced_parity,D(P)1_before_H,0.0,4096
5,0.9,2,balanced_parity,D(P)2_after_first_H,0.0,4096
5,0.9,2,balanced_parity,D(P)3_after_oracle,0.0,4096
5,0.9,2,balanced_parity,D(P)4_after_final_H,0.0,4096
5,0.9500000000000001,2,balanced_parity,no_error,0.0,4096
5,0.9500000000000001,2,balanced_parity,D(P)1_before_H,0.0,4096
5,0.9500000000000001,2,balanced_parity,D(P)2_after_first_H,0.0,4096
5,0.9500000000000001,2,balanced_parity,D(P)3_after_oracle,0.0,4096
5,0.9500000000000001,2,balanced_parity,D(P)4_after_final_H,0.0,4096
5,1.0,2,balanced_parity,no_error,0.0,4096
5,1.0,2,balanced_parity,D(P)1_before_H,0.0,4096
5,1.0,2,balanced_parity,D(P)2_after_first_H,0.0,4096
5,1.0,2,balanced_parity,D(P)3_after_oracle,0.0,4096
5,1.0,2,balanced_parity,D(P)4_after_final_H,0.0,4096
